-- phpMyAdmin SQL Dump
-- version 4.0.10.14
-- http://www.phpmyadmin.net
--
-- Host: localhost:3306
-- Generation Time: Dec 17, 2016 at 11:50 PM
-- Server version: 5.6.33-cll-lve
-- PHP Version: 5.6.20

SET SQL_MODE = "NO_AUTO_VALUE_ON_ZERO";
SET time_zone = "+00:00";


/*!40101 SET @OLD_CHARACTER_SET_CLIENT=@@CHARACTER_SET_CLIENT */;
/*!40101 SET @OLD_CHARACTER_SET_RESULTS=@@CHARACTER_SET_RESULTS */;
/*!40101 SET @OLD_COLLATION_CONNECTION=@@COLLATION_CONNECTION */;
/*!40101 SET NAMES utf8 */;

--
-- Database: `hipokrat_rpg`
--

-- --------------------------------------------------------

--
-- Table structure for table `buildings`
--

CREATE TABLE IF NOT EXISTS `buildings` (
  `id` int(11) NOT NULL AUTO_INCREMENT,
  `name` varchar(255) NOT NULL DEFAULT '0',
  PRIMARY KEY (`id`),
  UNIQUE KEY `name` (`name`)
) ENGINE=InnoDB  DEFAULT CHARSET=utf8 AUTO_INCREMENT=3 ;

--
-- Dumping data for table `buildings`
--

INSERT INTO `buildings` (`id`, `name`) VALUES
(1, 'Metal Mine'),
(2, 'Mineral Mine');

-- --------------------------------------------------------

--
-- Table structure for table `buildings_processes`
--

CREATE TABLE IF NOT EXISTS `buildings_processes` (
  `planet_building_id` int(11) NOT NULL,
  `finishes_on` datetime NOT NULL,
  PRIMARY KEY (`planet_building_id`)
) ENGINE=InnoDB DEFAULT CHARSET=utf8;

--
-- Dumping data for table `buildings_processes`
--

INSERT INTO `buildings_processes` (`planet_building_id`, `finishes_on`) VALUES
(13, '2016-12-17 15:13:44'),
(14, '2016-12-17 15:14:17');

-- --------------------------------------------------------

--
-- Table structure for table `ci_sessions`
--

CREATE TABLE IF NOT EXISTS `ci_sessions` (
  `id` varchar(40) COLLATE utf8_unicode_ci NOT NULL,
  `ip_address` varchar(45) COLLATE utf8_unicode_ci NOT NULL,
  `timestamp` int(10) unsigned NOT NULL DEFAULT '0',
  `data` blob NOT NULL,
  PRIMARY KEY (`id`),
  KEY `ci_sessions_timestamp` (`timestamp`)
) ENGINE=InnoDB DEFAULT CHARSET=utf8 COLLATE=utf8_unicode_ci;

--
-- Dumping data for table `ci_sessions`
--

INSERT INTO `ci_sessions` (`id`, `ip_address`, `timestamp`, `data`) VALUES
('2gu3q46fgo3ce7f6jflj2qbi57uipbl9', '87.126.107.109', 1482006476, 0x5f5f63695f6c6173745f726567656e65726174657c693a313438323030353139373b6c6f676765645f696e7c623a313b706c617965725f69647c693a31303b757365726e616d657c733a353a227465737431223b69735f636f6e6669726d65647c623a303b69735f61646d696e7c623a303b706c616e65745f69647c693a33323b706c616e65745f6e616d657c733a31353a2250303030303332405b38323a32395d223b626174746c655f6d6573736167655f7265706f72747c733a3132373a22446566656e64657220746573743220776f6e2074686520626174746c652c2061747461636b6572207465737431206c6f73742e20556e697473206c6566742061667465722074686520626174746c653a202074657374313a204e6f207368697073206c6566742e2074657374323a205472616e73706f72746572202833292e223b),
('5hgu154quajllqfeo79gv7obajua9ia7', '87.126.107.109', 1482010653, 0x5f5f63695f6c6173745f726567656e65726174657c693a313438323031303333343b6c6f676765645f696e7c623a313b706c617965725f69647c693a31303b757365726e616d657c733a353a227465737431223b69735f636f6e6669726d65647c623a303b69735f61646d696e7c623a303b706c616e65745f69647c693a33353b706c616e65745f6e616d657c733a31343a2250303030303335405b383a34355d223b626174746c655f6d6573736167655f7265706f72747c733a3132373a22446566656e64657220746573743220776f6e2074686520626174746c652c2061747461636b6572207465737431206c6f73742e20556e697473206c6566742061667465722074686520626174746c653a202074657374313a204e6f207368697073206c6566742e2074657374323a205472616e73706f72746572202833292e223b),
('70mu43g35d6dmsogh9dkinkfnvftlh9p', '87.126.107.109', 1482008719, 0x5f5f63695f6c6173745f726567656e65726174657c693a313438323030383338313b6c6f676765645f696e7c623a313b706c617965725f69647c693a31303b757365726e616d657c733a353a227465737431223b69735f636f6e6669726d65647c623a303b69735f61646d696e7c623a303b706c616e65745f69647c693a33323b706c616e65745f6e616d657c733a31353a2250303030303332405b38323a32395d223b626174746c655f6d6573736167655f7265706f72747c733a3132373a22446566656e64657220746573743220776f6e2074686520626174746c652c2061747461636b6572207465737431206c6f73742e20556e697473206c6566742061667465722074686520626174746c653a202074657374313a204e6f207368697073206c6566742e2074657374323a205472616e73706f72746572202833292e223b),
('a5d5d5sbmctflbj0ge5tobjnv3i5drsg', '87.126.107.109', 1482011423, 0x5f5f63695f6c6173745f726567656e65726174657c693a313438323030363932323b6c6f676765645f696e7c623a313b706c617965725f69647c693a31313b757365726e616d657c733a353a227465737432223b69735f636f6e6669726d65647c623a303b69735f61646d696e7c623a303b706c616e65745f69647c693a33333b706c616e65745f6e616d657c733a31343a2250303030303333405b39353a315d223b),
('dcmqo6s7cg0lvmqcb3tps9b9emonred9', '87.126.107.109', 1482007709, 0x5f5f63695f6c6173745f726567656e65726174657c693a313438323030373730393b6c6f676765645f696e7c623a313b706c617965725f69647c693a31303b757365726e616d657c733a353a227465737431223b69735f636f6e6669726d65647c623a303b69735f61646d696e7c623a303b706c616e65745f69647c693a33323b706c616e65745f6e616d657c733a31353a2250303030303332405b38323a32395d223b626174746c655f6d6573736167655f7265706f72747c733a3132373a22446566656e64657220746573743220776f6e2074686520626174746c652c2061747461636b6572207465737431206c6f73742e20556e697473206c6566742061667465722074686520626174746c653a202074657374313a204e6f207368697073206c6566742e2074657374323a205472616e73706f72746572202833292e223b),
('eems80a7uf490cr4o2uahdbdhg1gvjqr', '87.126.107.109', 1482010988, 0x5f5f63695f6c6173745f726567656e65726174657c693a313438323031303635343b6c6f676765645f696e7c623a313b706c617965725f69647c693a31303b757365726e616d657c733a353a227465737431223b69735f636f6e6669726d65647c623a303b69735f61646d696e7c623a303b706c616e65745f69647c693a33323b706c616e65745f6e616d657c733a31353a2250303030303332405b38323a32395d223b626174746c655f6d6573736167655f7265706f72747c733a3132373a22446566656e64657220746573743220776f6e2074686520626174746c652c2061747461636b6572207465737431206c6f73742e20556e697473206c6566742061667465722074686520626174746c653a202074657374313a204e6f207368697073206c6566742e2074657374323a205472616e73706f72746572202833292e223b),
('h653uepv2o0dk9u2at441jqoibnlm2oi', '87.126.107.109', 1482006922, 0x5f5f63695f6c6173745f726567656e65726174657c693a313438323030353335343b6c6f676765645f696e7c623a313b706c617965725f69647c693a31313b757365726e616d657c733a353a227465737432223b69735f636f6e6669726d65647c623a303b69735f61646d696e7c623a303b706c616e65745f69647c693a33333b706c616e65745f6e616d657c733a31343a2250303030303333405b39353a315d223b),
('it70kb85234j4l61lgmhb5ivic88rhqr', '87.126.107.109', 1482009464, 0x5f5f63695f6c6173745f726567656e65726174657c693a313438323030393033393b6c6f676765645f696e7c623a313b706c617965725f69647c693a31303b757365726e616d657c733a353a227465737431223b69735f636f6e6669726d65647c623a303b69735f61646d696e7c623a303b706c616e65745f69647c693a33323b706c616e65745f6e616d657c733a31353a2250303030303332405b38323a32395d223b626174746c655f6d6573736167655f7265706f72747c733a3132373a22446566656e64657220746573743220776f6e2074686520626174746c652c2061747461636b6572207465737431206c6f73742e20556e697473206c6566742061667465722074686520626174746c653a202074657374313a204e6f207368697073206c6566742e2074657374323a205472616e73706f72746572202833292e223b),
('iusgoqvh479p8mimjnnmrsveprhc2tnp', '87.126.107.109', 1482004260, 0x5f5f63695f6c6173745f726567656e65726174657c693a313438323030333532313b6c6f676765645f696e7c623a313b706c617965725f69647c693a31313b757365726e616d657c733a353a227465737432223b69735f636f6e6669726d65647c623a303b69735f61646d696e7c623a303b706c616e65745f69647c693a33333b706c616e65745f6e616d657c733a31343a2250303030303333405b39353a315d223b),
('jvdtckksgk4iisddtag8t7e9c8673qof', '87.126.107.109', 1482004576, 0x5f5f63695f6c6173745f726567656e65726174657c693a313438323030343237313b6c6f676765645f696e7c623a313b706c617965725f69647c693a31303b757365726e616d657c733a353a227465737431223b69735f636f6e6669726d65647c623a303b69735f61646d696e7c623a303b706c616e65745f69647c693a33323b706c616e65745f6e616d657c733a31353a2250303030303332405b38323a32395d223b),
('k58fqbrpcvorr1d0fd2qhpbab9c49ppd', '87.126.107.109', 1482007772, 0x5f5f63695f6c6173745f726567656e65726174657c693a313438323030363437373b6c6f676765645f696e7c623a313b706c617965725f69647c693a31303b757365726e616d657c733a353a227465737431223b69735f636f6e6669726d65647c623a303b69735f61646d696e7c623a303b706c616e65745f69647c693a33323b706c616e65745f6e616d657c733a31353a2250303030303332405b38323a32395d223b626174746c655f6d6573736167655f7265706f72747c733a3132373a22446566656e64657220746573743220776f6e2074686520626174746c652c2061747461636b6572207465737431206c6f73742e20556e697473206c6566742061667465722074686520626174746c653a202074657374313a204e6f207368697073206c6566742e2074657374323a205472616e73706f72746572202833292e223b),
('mcanf29p6t701dc1u7hoj43r5sgg2crb', '87.126.107.109', 1482004267, 0x5f5f63695f6c6173745f726567656e65726174657c693a313438323030343236373b6c6f676765645f696e7c623a313b706c617965725f69647c693a31303b757365726e616d657c733a353a227465737431223b69735f636f6e6669726d65647c623a303b69735f61646d696e7c623a303b706c616e65745f69647c693a33323b706c616e65745f6e616d657c733a31353a2250303030303332405b38323a32395d223b),
('mmr2pos4i47afg9kr7r7dptatfa6l949', '87.126.107.109', 1482005354, 0x5f5f63695f6c6173745f726567656e65726174657c693a313438323030343236303b6c6f676765645f696e7c623a313b706c617965725f69647c693a31313b757365726e616d657c733a353a227465737432223b69735f636f6e6669726d65647c623a303b69735f61646d696e7c623a303b706c616e65745f69647c693a33333b706c616e65745f6e616d657c733a31343a2250303030303333405b39353a315d223b),
('no28fgha2n44l0b1djnbisq7g9js6469', '87.126.107.109', 1482004270, 0x5f5f63695f6c6173745f726567656e65726174657c693a313438323030333834303b6c6f676765645f696e7c623a313b706c617965725f69647c693a31303b757365726e616d657c733a353a227465737431223b69735f636f6e6669726d65647c623a303b69735f61646d696e7c623a303b706c616e65745f69647c693a33323b706c616e65745f6e616d657c733a31353a2250303030303332405b38323a32395d223b),
('pm2pl8f0tpo7m0cknhhkmiu80dfp1umr', '87.126.107.109', 1482008381, 0x5f5f63695f6c6173745f726567656e65726174657c693a313438323030373737323b6c6f676765645f696e7c623a313b706c617965725f69647c693a31303b757365726e616d657c733a353a227465737431223b69735f636f6e6669726d65647c623a303b69735f61646d696e7c623a303b706c616e65745f69647c693a33323b706c616e65745f6e616d657c733a31353a2250303030303332405b38323a32395d223b626174746c655f6d6573736167655f7265706f72747c733a3132373a22446566656e64657220746573743220776f6e2074686520626174746c652c2061747461636b6572207465737431206c6f73742e20556e697473206c6566742061667465722074686520626174746c653a202074657374313a204e6f207368697073206c6566742e2074657374323a205472616e73706f72746572202833292e223b),
('q6720fuhmje2vunoboabhi1ue696cg41', '87.126.107.109', 1482007961, 0x5f5f63695f6c6173745f726567656e65726174657c693a313438323030363837383b6c6f676765645f696e7c623a313b706c617965725f69647c693a31303b757365726e616d657c733a353a227465737431223b69735f636f6e6669726d65647c623a303b69735f61646d696e7c623a303b706c616e65745f69647c693a33323b706c616e65745f6e616d657c733a31353a2250303030303332405b38323a32395d223b626174746c655f6d6573736167655f7265706f72747c733a3132383a2254686520626174746c65206973206472617721204e6f2077696e6e6572206265747765656e20746573743120616e642074657374322e20556e697473206c6566742061667465722074686520626174746c653a202074657374313a204e6f207368697073206c6566742e2074657374323a204e6f207368697073206c6566742e223b),
('qm0lqo0li1ic17s5s9tm5spu6uta0ut8', '87.126.107.109', 1482011422, 0x5f5f63695f6c6173745f726567656e65726174657c693a313438323031313232373b6c6f676765645f696e7c623a313b706c617965725f69647c693a31303b757365726e616d657c733a353a227465737431223b69735f636f6e6669726d65647c623a303b69735f61646d696e7c623a303b706c616e65745f69647c693a33323b706c616e65745f6e616d657c733a31353a2250303030303332405b38323a32395d223b),
('qn44cic0gm9ta18oetrgo9brgi4vkj4h', '87.126.107.109', 1482009038, 0x5f5f63695f6c6173745f726567656e65726174657c693a313438323030383731393b6c6f676765645f696e7c623a313b706c617965725f69647c693a31303b757365726e616d657c733a353a227465737431223b69735f636f6e6669726d65647c623a303b69735f61646d696e7c623a303b706c616e65745f69647c693a33323b706c616e65745f6e616d657c733a31353a2250303030303332405b38323a32395d223b626174746c655f6d6573736167655f7265706f72747c733a3132373a22446566656e64657220746573743220776f6e2074686520626174746c652c2061747461636b6572207465737431206c6f73742e20556e697473206c6566742061667465722074686520626174746c653a202074657374313a204e6f207368697073206c6566742e2074657374323a205472616e73706f72746572202833292e223b),
('rhn2kabc5g2oa9p3us630mtt91h9rd75', '87.126.107.109', 1482009938, 0x5f5f63695f6c6173745f726567656e65726174657c693a313438323030393436353b6c6f676765645f696e7c623a313b706c617965725f69647c693a31303b757365726e616d657c733a353a227465737431223b69735f636f6e6669726d65647c623a303b69735f61646d696e7c623a303b706c616e65745f69647c693a33323b706c616e65745f6e616d657c733a31353a2250303030303332405b38323a32395d223b626174746c655f6d6573736167655f7265706f72747c733a3132373a22446566656e64657220746573743220776f6e2074686520626174746c652c2061747461636b6572207465737431206c6f73742e20556e697473206c6566742061667465722074686520626174746c653a202074657374313a204e6f207368697073206c6566742e2074657374323a205472616e73706f72746572202833292e223b),
('s0jncb9e2vgqp67uviqi2pufus4a8tta', '87.126.107.109', 1482005196, 0x5f5f63695f6c6173745f726567656e65726174657c693a313438323030343537373b6c6f676765645f696e7c623a313b706c617965725f69647c693a31303b757365726e616d657c733a353a227465737431223b69735f636f6e6669726d65647c623a303b69735f61646d696e7c623a303b706c616e65745f69647c693a33323b706c616e65745f6e616d657c733a31353a2250303030303332405b38323a32395d223b),
('sia7jcbs0tmmjck7nr3i94p5o4lp3l7i', '87.126.107.109', 1482010334, 0x5f5f63695f6c6173745f726567656e65726174657c693a313438323030393933383b6c6f676765645f696e7c623a313b706c617965725f69647c693a31303b757365726e616d657c733a353a227465737431223b69735f636f6e6669726d65647c623a303b69735f61646d696e7c623a303b706c616e65745f69647c693a33353b706c616e65745f6e616d657c733a31343a2250303030303335405b383a34355d223b626174746c655f6d6573736167655f7265706f72747c733a3132373a22446566656e64657220746573743220776f6e2074686520626174746c652c2061747461636b6572207465737431206c6f73742e20556e697473206c6566742061667465722074686520626174746c653a202074657374313a204e6f207368697073206c6566742e2074657374323a205472616e73706f72746572202833292e223b),
('ukn2gispbjnck7s04lvc3sbf9o5kv9nh', '81.220.101.241', 1482007301, 0x5f5f63695f6c6173745f726567656e65726174657c693a313438323030373330313b);

-- --------------------------------------------------------

--
-- Table structure for table `flights`
--

CREATE TABLE IF NOT EXISTS `flights` (
  `id` int(11) NOT NULL AUTO_INCREMENT,
  `attacker_planet_id` int(11) DEFAULT NULL,
  `defender_planet_id` int(11) DEFAULT NULL,
  `impact_on` datetime DEFAULT NULL,
  `arriving_on` datetime DEFAULT NULL,
  PRIMARY KEY (`id`),
  KEY `FK__planets435634645` (`attacker_planet_id`),
  KEY `FK__planets_2` (`defender_planet_id`)
) ENGINE=InnoDB  DEFAULT CHARSET=utf8 AUTO_INCREMENT=56 ;

--
-- Dumping data for table `flights`
--

INSERT INTO `flights` (`id`, `attacker_planet_id`, `defender_planet_id`, `impact_on`, `arriving_on`) VALUES
(45, 33, 32, '2016-12-17 21:15:36', '2016-12-17 21:15:36'),
(55, 32, 33, '2016-12-17 22:38:41', '2016-12-17 22:38:41');

-- --------------------------------------------------------

--
-- Table structure for table `flight_ships`
--

CREATE TABLE IF NOT EXISTS `flight_ships` (
  `id` int(11) NOT NULL AUTO_INCREMENT,
  `flight_id` int(11) NOT NULL DEFAULT '0',
  `ship_id` int(11) NOT NULL DEFAULT '0',
  `amount` int(11) NOT NULL DEFAULT '0',
  PRIMARY KEY (`id`),
  KEY `FK__flights345345` (`flight_id`),
  KEY `FK__ships32453` (`ship_id`)
) ENGINE=InnoDB  DEFAULT CHARSET=utf8 AUTO_INCREMENT=96 ;

--
-- Dumping data for table `flight_ships`
--

INSERT INTO `flight_ships` (`id`, `flight_id`, `ship_id`, `amount`) VALUES
(85, 45, 1, 4),
(95, 55, 1, 2);

-- --------------------------------------------------------

--
-- Table structure for table `messages`
--

CREATE TABLE IF NOT EXISTS `messages` (
  `id` int(11) NOT NULL AUTO_INCREMENT,
  `attacker_planet_id` int(11) DEFAULT NULL,
  `defender_planet_id` int(11) DEFAULT NULL,
  `message_type` text NOT NULL,
  `expires_on` datetime DEFAULT '0000-00-00 00:00:00',
  PRIMARY KEY (`id`),
  KEY `FK__planets546745756` (`attacker_planet_id`),
  KEY `FK__planets_3` (`defender_planet_id`)
) ENGINE=InnoDB  DEFAULT CHARSET=utf8 AUTO_INCREMENT=105 ;

--
-- Dumping data for table `messages`
--

INSERT INTO `messages` (`id`, `attacker_planet_id`, `defender_planet_id`, `message_type`, `expires_on`) VALUES
(64, 33, 32, 'Attacker test2 won the battle, defender test1 lost. Units left after the battle:  test2: Transporter (1). test1: No ships left.', '2016-12-17 21:16:00'),
(94, NULL, NULL, 'Defender test2 won the battle, attacker test1 lost. Units left after the battle:  test1: No ships left. test2: No ships left.', '2016-12-17 22:06:47'),
(104, 32, 33, 'The battle is draw! No winner between test1 and test2. Units left after the battle:  test1: No ships left. test2: No ships left.', '2016-12-17 22:39:12');

-- --------------------------------------------------------

--
-- Table structure for table `planets`
--

CREATE TABLE IF NOT EXISTS `planets` (
  `id` int(11) NOT NULL AUTO_INCREMENT,
  `name` varchar(255) NOT NULL DEFAULT '',
  `x` int(11) NOT NULL,
  `y` int(11) NOT NULL,
  `player_id` int(11) NOT NULL,
  `created_at` datetime NOT NULL DEFAULT '0000-00-00 00:00:00',
  `updated_at` datetime NOT NULL DEFAULT '0000-00-00 00:00:00',
  PRIMARY KEY (`id`),
  KEY `FK__players` (`player_id`)
) ENGINE=InnoDB  DEFAULT CHARSET=utf8 AUTO_INCREMENT=37 ;

--
-- Dumping data for table `planets`
--

INSERT INTO `planets` (`id`, `name`, `x`, `y`, `player_id`, `created_at`, `updated_at`) VALUES
(32, 'Planet of test1', 82, 29, 10, '2016-12-17 10:57:00', '2016-12-17 23:48:42'),
(33, 'Planet of test2', 95, 1, 11, '2016-12-17 11:04:00', '2016-12-17 23:49:34'),
(36, 'Planet of 10', 60, 93, 10, '2016-12-17 23:43:11', '2016-12-17 23:47:12');

-- --------------------------------------------------------

--
-- Table structure for table `planet_buildings`
--

CREATE TABLE IF NOT EXISTS `planet_buildings` (
  `id` int(11) NOT NULL AUTO_INCREMENT,
  `planet_id` int(11) NOT NULL DEFAULT '0',
  `building_id` int(11) NOT NULL DEFAULT '0',
  `level` int(11) NOT NULL DEFAULT '0',
  PRIMARY KEY (`id`),
  UNIQUE KEY `planet_id_building_id` (`planet_id`,`building_id`),
  KEY `FK_3435345_buildings` (`building_id`)
) ENGINE=InnoDB  DEFAULT CHARSET=utf8 AUTO_INCREMENT=23 ;

--
-- Dumping data for table `planet_buildings`
--

INSERT INTO `planet_buildings` (`id`, `planet_id`, `building_id`, `level`) VALUES
(13, 32, 1, 7),
(14, 32, 2, 3),
(15, 33, 1, 6),
(16, 33, 2, 4),
(21, 36, 1, 1),
(22, 36, 2, 1);

-- --------------------------------------------------------

--
-- Table structure for table `planet_resources`
--

CREATE TABLE IF NOT EXISTS `planet_resources` (
  `planet_id` int(11) NOT NULL,
  `resource_id` int(11) NOT NULL,
  `amount` int(11) DEFAULT '0',
  PRIMARY KEY (`planet_id`,`resource_id`),
  KEY `FK__resources` (`resource_id`)
) ENGINE=InnoDB DEFAULT CHARSET=utf8;

--
-- Dumping data for table `planet_resources`
--

INSERT INTO `planet_resources` (`planet_id`, `resource_id`, `amount`) VALUES
(32, 1, 185700),
(32, 2, 83050),
(33, 1, 195650),
(33, 2, 101150),
(36, 1, 200),
(36, 2, 200);

-- --------------------------------------------------------

--
-- Table structure for table `planet_ships`
--

CREATE TABLE IF NOT EXISTS `planet_ships` (
  `planet_id` int(11) NOT NULL,
  `ship_id` int(11) NOT NULL,
  `amount` int(11) NOT NULL DEFAULT '0',
  PRIMARY KEY (`planet_id`,`ship_id`),
  KEY `FK__ships345345646` (`ship_id`)
) ENGINE=InnoDB DEFAULT CHARSET=utf8;

--
-- Dumping data for table `planet_ships`
--

INSERT INTO `planet_ships` (`planet_id`, `ship_id`, `amount`) VALUES
(32, 1, 0),
(32, 2, 0),
(32, 3, 1),
(33, 1, 0),
(33, 2, 0),
(33, 3, 0),
(36, 1, 0),
(36, 2, 0),
(36, 3, 0);

-- --------------------------------------------------------

--
-- Table structure for table `players`
--

CREATE TABLE IF NOT EXISTS `players` (
  `id` int(11) NOT NULL AUTO_INCREMENT,
  `username` varchar(255) NOT NULL DEFAULT '0',
  `password` varchar(255) NOT NULL DEFAULT '0',
  `full_name` varchar(255) NOT NULL DEFAULT '',
  `email` varchar(255) NOT NULL DEFAULT '',
  `avatar` varchar(255) NOT NULL DEFAULT 'default.jpg',
  `created_at` datetime NOT NULL DEFAULT '0000-00-00 00:00:00',
  `updated_at` datetime NOT NULL DEFAULT '0000-00-00 00:00:00',
  `is_admin` tinyint(1) unsigned NOT NULL DEFAULT '0',
  `is_confirmed` tinyint(1) unsigned NOT NULL DEFAULT '0',
  `is_deleted` tinyint(1) unsigned NOT NULL DEFAULT '0',
  PRIMARY KEY (`id`)
) ENGINE=InnoDB  DEFAULT CHARSET=utf8 AUTO_INCREMENT=13 ;

--
-- Dumping data for table `players`
--

INSERT INTO `players` (`id`, `username`, `password`, `full_name`, `email`, `avatar`, `created_at`, `updated_at`, `is_admin`, `is_confirmed`, `is_deleted`) VALUES
(10, 'bot', '$2y$10$aq9strwzb55w414P8ECWteXu.UIqRQreLO9vD.sxsxrx5qoQ0dWTi', 'Bot', 'test1@softuni.com', 'default.jpg', '2016-12-17 10:57:00', '2016-12-17 10:58:00', 0, 0, 0),
(11, 'test2', '$2y$10$bquqYfnX0f1wR5Um/KxxiuK/ekLywC/b0wki53Hv6326g4y/q5OK2', '', 'test2@softuni.bg', 'default.jpg', '2016-12-17 11:04:00', '2016-12-17 11:04:00', 0, 0, 0);

-- --------------------------------------------------------

--
-- Table structure for table `resources`
--

CREATE TABLE IF NOT EXISTS `resources` (
  `id` int(11) NOT NULL AUTO_INCREMENT,
  `name` varchar(255) NOT NULL DEFAULT '0',
  PRIMARY KEY (`id`)
) ENGINE=InnoDB  DEFAULT CHARSET=utf8 AUTO_INCREMENT=3 ;

--
-- Dumping data for table `resources`
--

INSERT INTO `resources` (`id`, `name`) VALUES
(1, 'Metal'),
(2, 'Mineral');

-- --------------------------------------------------------

--
-- Table structure for table `ships`
--

CREATE TABLE IF NOT EXISTS `ships` (
  `id` int(11) NOT NULL AUTO_INCREMENT,
  `name` varchar(255) NOT NULL DEFAULT '0',
  `damage` int(11) NOT NULL DEFAULT '0',
  PRIMARY KEY (`id`)
) ENGINE=InnoDB  DEFAULT CHARSET=utf8 AUTO_INCREMENT=4 ;

--
-- Dumping data for table `ships`
--

INSERT INTO `ships` (`id`, `name`, `damage`) VALUES
(1, 'Transporter', 50),
(2, 'Cruiser', 800),
(3, 'Battleship', 1000);

-- --------------------------------------------------------

--
-- Table structure for table `ships_cost_buildings`
--

CREATE TABLE IF NOT EXISTS `ships_cost_buildings` (
  `ship_id` int(11) NOT NULL,
  `building_id` int(11) NOT NULL,
  `level` int(11) DEFAULT '0',
  PRIMARY KEY (`ship_id`,`building_id`),
  KEY `FK__buildings456456` (`building_id`)
) ENGINE=InnoDB DEFAULT CHARSET=utf8;

--
-- Dumping data for table `ships_cost_buildings`
--

INSERT INTO `ships_cost_buildings` (`ship_id`, `building_id`, `level`) VALUES
(1, 1, 2),
(1, 2, 1),
(2, 1, 3),
(2, 2, 2),
(3, 1, 6),
(3, 2, 2);

-- --------------------------------------------------------

--
-- Table structure for table `ships_cost_resources`
--

CREATE TABLE IF NOT EXISTS `ships_cost_resources` (
  `ship_id` int(11) NOT NULL,
  `resource_id` int(11) NOT NULL,
  `amount` int(11) DEFAULT '0',
  PRIMARY KEY (`ship_id`,`resource_id`),
  KEY `FK__resources345345` (`resource_id`)
) ENGINE=InnoDB DEFAULT CHARSET=utf8;

--
-- Dumping data for table `ships_cost_resources`
--

INSERT INTO `ships_cost_resources` (`ship_id`, `resource_id`, `amount`) VALUES
(1, 1, 100),
(1, 2, 100),
(2, 1, 300),
(2, 2, 0),
(3, 1, 500),
(3, 2, 10);

-- --------------------------------------------------------

--
-- Table structure for table `ships_cost_time`
--

CREATE TABLE IF NOT EXISTS `ships_cost_time` (
  `ship_id` int(11) NOT NULL,
  `amount` int(11) NOT NULL,
  PRIMARY KEY (`ship_id`)
) ENGINE=InnoDB DEFAULT CHARSET=utf8;

--
-- Dumping data for table `ships_cost_time`
--

INSERT INTO `ships_cost_time` (`ship_id`, `amount`) VALUES
(1, 10),
(2, 24),
(3, 60);

-- --------------------------------------------------------

--
-- Table structure for table `ships_processes`
--

CREATE TABLE IF NOT EXISTS `ships_processes` (
  `ship_id` int(11) NOT NULL,
  `planet_id` int(11) NOT NULL,
  `amount` int(11) DEFAULT NULL,
  `finishes_on` datetime DEFAULT NULL,
  PRIMARY KEY (`ship_id`,`planet_id`),
  KEY `FK__planetsfdgfdg` (`planet_id`)
) ENGINE=InnoDB DEFAULT CHARSET=utf8;

--
-- Dumping data for table `ships_processes`
--

INSERT INTO `ships_processes` (`ship_id`, `planet_id`, `amount`, `finishes_on`) VALUES
(1, 32, 10, '2016-12-17 23:50:58');

--
-- Constraints for dumped tables
--

--
-- Constraints for table `buildings_processes`
--
ALTER TABLE `buildings_processes`
  ADD CONSTRAINT `FK__planet_buldings` FOREIGN KEY (`planet_building_id`) REFERENCES `planet_buildings` (`id`);

--
-- Constraints for table `flights`
--
ALTER TABLE `flights`
  ADD CONSTRAINT `FK__planets435634645` FOREIGN KEY (`attacker_planet_id`) REFERENCES `planets` (`id`),
  ADD CONSTRAINT `FK__planets_2` FOREIGN KEY (`defender_planet_id`) REFERENCES `planets` (`id`);

--
-- Constraints for table `flight_ships`
--
ALTER TABLE `flight_ships`
  ADD CONSTRAINT `FK__flights345345` FOREIGN KEY (`flight_id`) REFERENCES `flights` (`id`),
  ADD CONSTRAINT `FK__ships32453` FOREIGN KEY (`ship_id`) REFERENCES `ships` (`id`);

--
-- Constraints for table `messages`
--
ALTER TABLE `messages`
  ADD CONSTRAINT `FK__planets546745756` FOREIGN KEY (`attacker_planet_id`) REFERENCES `planets` (`id`),
  ADD CONSTRAINT `FK__planets_3` FOREIGN KEY (`defender_planet_id`) REFERENCES `planets` (`id`);

--
-- Constraints for table `planets`
--
ALTER TABLE `planets`
  ADD CONSTRAINT `FK__players` FOREIGN KEY (`player_id`) REFERENCES `players` (`id`);

--
-- Constraints for table `planet_buildings`
--
ALTER TABLE `planet_buildings`
  ADD CONSTRAINT `FK_12323_planets` FOREIGN KEY (`planet_id`) REFERENCES `planets` (`id`),
  ADD CONSTRAINT `FK_3435345_buildings` FOREIGN KEY (`building_id`) REFERENCES `buildings` (`id`);

--
-- Constraints for table `planet_resources`
--
ALTER TABLE `planet_resources`
  ADD CONSTRAINT `FK__planets` FOREIGN KEY (`planet_id`) REFERENCES `planets` (`id`),
  ADD CONSTRAINT `FK__resources` FOREIGN KEY (`resource_id`) REFERENCES `resources` (`id`);

--
-- Constraints for table `planet_ships`
--
ALTER TABLE `planet_ships`
  ADD CONSTRAINT `FK__planets534` FOREIGN KEY (`planet_id`) REFERENCES `planets` (`id`),
  ADD CONSTRAINT `FK__ships345345646` FOREIGN KEY (`ship_id`) REFERENCES `ships` (`id`);

--
-- Constraints for table `ships_cost_buildings`
--
ALTER TABLE `ships_cost_buildings`
  ADD CONSTRAINT `FK__buildings456456` FOREIGN KEY (`building_id`) REFERENCES `buildings` (`id`),
  ADD CONSTRAINT `FK__ships546456` FOREIGN KEY (`ship_id`) REFERENCES `ships` (`id`);

--
-- Constraints for table `ships_cost_resources`
--
ALTER TABLE `ships_cost_resources`
  ADD CONSTRAINT `FK__resources345345` FOREIGN KEY (`resource_id`) REFERENCES `resources` (`id`),
  ADD CONSTRAINT `FK__ships435345` FOREIGN KEY (`ship_id`) REFERENCES `ships` (`id`);

--
-- Constraints for table `ships_cost_time`
--
ALTER TABLE `ships_cost_time`
  ADD CONSTRAINT `FK__ships324345345436` FOREIGN KEY (`ship_id`) REFERENCES `ships` (`id`);

--
-- Constraints for table `ships_processes`
--
ALTER TABLE `ships_processes`
  ADD CONSTRAINT `FK__planetsfdgfdg` FOREIGN KEY (`planet_id`) REFERENCES `planets` (`id`),
  ADD CONSTRAINT `FK__ships2534` FOREIGN KEY (`ship_id`) REFERENCES `ships` (`id`);

/*!40101 SET CHARACTER_SET_CLIENT=@OLD_CHARACTER_SET_CLIENT */;
/*!40101 SET CHARACTER_SET_RESULTS=@OLD_CHARACTER_SET_RESULTS */;
/*!40101 SET COLLATION_CONNECTION=@OLD_COLLATION_CONNECTION */;
